Country Name,Country Code,Series Name,Series Code,1960 [YR1960],1961 [YR1961],1962 [YR1962],1963 [YR1963],1964 [YR1964],1965 [YR1965],1966 [YR1966],1967 [YR1967],1968 [YR1968],1969 [YR1969],1970 [YR1970],1971 [YR1971],1972 [YR1972],1973 [YR1973],1974 [YR1974],1975 [YR1975],1976 [YR1976],1977 [YR1977],1978 [YR1978],1979 [YR1979],1980 [YR1980],1981 [YR1981],1982 [YR1982],1983 [YR1983],1984 [YR1984],1985 [YR1985],1986 [YR1986],1987 [YR1987],1988 [YR1988],1989 [YR1989],1990 [YR1990],1991 [YR1991],1992 [YR1992],1993 [YR1993],1994 [YR1994],1995 [YR1995],1996 [YR1996],1997 [YR1997],1998 [YR1998],1999 [YR1999],2000 [YR2000],2001 [YR2001],2002 [YR2002],2003 [YR2003],2004 [YR2004],2005 [YR2005],2006 [YR2006],2007 [YR2007],2008 [YR2008],2009 [YR2009],2010 [YR2010],2011 [YR2011],2012 [YR2012],2013 [YR2013],2014 [YR2014],2015 [YR2015],2016 [YR2016],2017 [YR2017],2018 [YR2018],2019 [YR2019],2020 [YR2020],2021 [YR2021],2022 [YR2022]
Albania,ALB,GDP per capita (current US$),NY.GDP.PCAP.CD,..,..,..,..,..,..,..,..,..,..,..,..,..,..,..,..,..,..,..,..,..,..,..,..,639.484730161417,639.865903755552,693.873474633887,674.793383069492,652.774321396566,697.995596576519,617.230435515505,336.586994504629,200.852219772323,367.279225077581,586.416135130865,750.604449178826,1009.97711053398,717.380047745673,813.789396580449,1033.24253162418,1126.68334010717,1281.6598256178,1425.12421860142,1846.12012081207,2373.58129170055,2673.78781583529,2972.74362094736,3595.03829536404,4370.53971639449,4114.13403283023,4094.34968570481,4437.14116097061,4247.63134315945,4413.06338346821,4578.63320812155,3952.80357364813,4124.05538986272,4531.03220675893,5287.66080067575,5396.2142432843,5343.0377039956,6377.20309553753,6810.11404104233
Andorra,AND,GDP per capita (current US$),NY.GDP.PCAP.CD,..,..,..,..,..,..,..,..,..,..,3958.59572490093,4193.16237434646,4967.34396310593,6183.80844084139,7174.4445640171,7963.55181640127,7758.71683045235,8206.98236540657,9456.01587659326,12054.0316429831,12534.8284742917,10516.7563251923,9739.22855021001,8108.67734754334,7825.16015829635,7914.87399107836,10568.9291277069,12832.9993605648,14529.0598773825,15404.8215892041,19208.6783786868,19967.7339095047,21123.0560601824,17024.313169747,16670.9384281796,18731.6501854151,19081.5492417877,18253.0777011271,18592.2436421492,18884.1769792473,21620.4651019373,22809.0877599631,24784.9560887634,31954.1617868177,37630.7642639554,39583.9311942065,43084.283724089,50562.8266054777,53721.3885067173,49750.7185512247,48237.8905407208,51428.1896998835,44902.38771225,44747.7611562684,45680.5469412164,38885.5485894753,39931.2362644858,40632.2089824607,42904.8115883352,41328.6123929102,37207.2388711909,42072.3194231234,41992.7727779758
Armenia,ARM,GDP per capita (current US$),NY.GDP.PCAP.CD,..,..,..,..,..,..,..,..,..,..,..,..,..,..,..,..,..,..,..,..,..,..,..,..,..,..,..,..,..,..,634.567327610033,572.16176273095,356.082212590475,347.466463257033,389.825286464953,441.89400183385,484.091640977405,501.156515236364,584.384267258527,575.62847915563,603.298025247115,676.150011307766,765.31617768154,910.171261745184,1166.63820390025,1608.16340758242,2109.5263835731,3064.27996263859,3908.94906011431,2917.36624185176,3143.0294799683,3462.68177840431,3643.71540108565,3833.15707396348,4017.22991449473,3666.14182210905,3679.95234740376,4041.99507105058,4391.92326991474,4828.50488626598,4505.86774175695,4972.78320361917,7018.05150434798
Austria,AUT,GDP per capita (current US$),NY.GDP.PCAP.CD,935.460426850415,1031.8150043291,1087.8342434189,1167.00053244585,1269.41258289256,1374.53213986075,1486.96860600566,1569.66718289967,1677.67352804272,1825.38612552124,2058.76905087549,2380.97845801742,2924.04887899105,3890.72241941969,4630.75719737956,5285.62072414121,5678.38665810018,6810.62768469634,8205.4689771504,9793.76534815017,10869.5464940526,9385.24906398343,9410.34725652989,9537.40742043378,8991.06503963026,9172.09676001833,13083.0726621044,16392.7695234749,17578.6189397397,17468.9461372569,21680.989623313,22410.9117666654,24880.1641180361,24081.5277928004,25646.7006591684,30325.8495818396,29809.0767730821,26705.4785993891,27361.8751106437,27183.4759263956,24625.6007227434,24558.7636778868,26527.5930910347,32294.0488606559,36889.2335135194,38417.4577857677,40669.3269586152,46915.3374004507,51919.9835754226,48153.3240199631,46903.7615854343,51442.2762464407,48564.9173350875,50731.1272541847,51786.3771747905,44195.8175947748,45307.5878620429,47429.1584564387,51466.5565633634,50067.5857265892,48789.4978498872,53517.8904509612,52084.6811953372
Azerbaijan,AZE,GDP per capita (current US$),NY.GDP.PCAP.CD,..,..,..,..,..,..,..,..,..,..,..,..,..,..,..,..,..,..,..,..,..,..,..,..,..,..,..,..,..,..,1238.27189274842,734.944232805688,60.2351205405972,209.530954548425,157.063549947072,314.55801908334,409.185543774103,505.516204188336,561.906807871869,573.893528734031,655.097249579917,703.670998584686,763.108895463487,883.692580745256,1045.0136328106,1578.36733030667,2472.95725732287,3851.33015175141,5574.46810432575,4950.39949009423,5843.5337683582,7189.81869211976,7495.86527658099,7875.34536661549,7890.84028062087,5500.50364628486,3880.6852276838,4147.1981423222,4739.7943123408,4805.75371765917,4229.91064904503,5408.04535175023,7762.0738285884
Belarus,BLR,GDP per capita (current US$),NY.GDP.PCAP.CD,..,..,..,..,..,..,..,..,..,..,..,..,..,..,..,..,..,..,..,..,..,..,..,..,..,..,..,..,..,..,..,..,900.506730798407,1603.33885142339,1462.02861363291,1370.4784567014,1452.5071047646,1396.6571872706,1511.25979105507,1210.5874393672,1276.28038121269,1244.37318523431,1479.38066337175,1819.52653114699,2378.33700470129,3126.07176665248,3848.22350300163,4735.48107556066,6376.17569162063,5352.48809190697,6034.67885177216,6527.6593428786,6953.21591683101,7998.0802045456,8341.29014337961,5967.06856034227,5039.77560949445,5785.53397723676,6360.05310087258,6837.76832136779,6542.8645398436,7489.71894713888,7888.26371063212
Belgium,BEL,GDP per capita (current US$),NY.GDP.PCAP.CD,1273.69165910289,1350.19767333123,1438.5232330684,1535.02372901043,1701.84627554319,1835.59476553194,1957.62608042762,2086.63600544654,2222.36151051913,2458.08182003773,2765.89099664794,3082.92798879126,3831.63189999433,4900.96220075866,5733.79813933878,6701.37736052433,7243.04734119583,8426.94695947372,10289.7684173296,11810.6158754725,12864.0025661396,10622.8024830789,9343.86109959618,8846.23429846974,8457.26880316374,8750.81851250536,12170.0406962702,15135.8523116968,16391.093827791,16525.0617432848,20600.3752789827,21041.6606519648,23372.619171015,22283.9360213551,24208.5547931447,28413.8264387368,27489.5551770488,24820.9380503896,25338.4432934904,25252.8019066564,23098.8865077401,23015.0712632462,25006.191397109,30655.2092679024,35429.4077933344,36809.7013403619,38705.1067959147,44319.165448813,48303.397956286,44760.2912443709,44184.946353964,47410.5669277464,44670.5606845101,46757.9518559598,47764.0715120833,41008.296719472,42012.6227191016,44198.4823908691,47544.9811472757,46641.7214017087,45609.0034936111,51850.3971840229,49926.8254295305
Bosnia and Herzegovina,BIH,GDP per capita (current US$),NY.GDP.PCAP.CD,..,..,..,..,..,..,..,..,..,..,..,..,..,..,..,..,..,..,..,..,..,..,..,..,..,..,..,..,..,..,..,..,..,..,333.783179342536,497.682846633728,712.953645623129,907.14878323552,1000.41683499719,1128.39888405073,1332.21021661547,1382.7674599413,1602.5640389208,2031.40248331495,2451.57730128439,2741.08017482431,3170.17478337184,3936.93174748389,4846.79094117894,4542.31167332328,4506.93235205533,4980.90468838995,4688.34582317708,5025.24175294061,5196.97008415107,4654.60862038896,4917.26376596306,5327.39230422044,6024.49314979655,6094.72482322311,6095.10423658487,7230.19883771887,7568.79847995923
Bulgaria,BGR,GDP per capita (current US$),NY.GDP.PCAP.CD,..,..,..,..,..,..,..,..,..,..,..,..,..,..,..,..,..,..,..,..,2238.80295786574,2234.81481573125,2169.00401089683,1852.81343442802,1963.57267618274,1914.55064658793,2260.4272811545,3132.30136036246,2511.39306259489,2477.0208179596,2366.52982128614,1267.73437541485,1211.98087810931,1278.52511370319,1148.4943993817,2259.25922555221,1470.19259250682,1361.40938439884,1820.44866449942,1659.71861105493,1621.26210738992,1770.90704918691,2092.98288625558,2719.49436859287,3389.68743360274,3899.82596332878,4523.1465578805,5888.77685220636,7271.30338858025,6988.27316296465,6863.66706774052,7857.16706984441,7430.7373804242,7687.71368243317,7912.27484371138,7078.86032298969,7570.93165511708,8381.88134621669,9447.65589681469,9874.33632625168,10148.3423954435,12219.3418706779,13974.4492487792
Channel Islands,CHI,GDP per capita (current US$),NY.GDP.PCAP.CD,..,..,..,..,..,..,..,..,..,..,..,..,..,..,..,..,..,..,..,..,..,..,..,..,..,..,..,..,..,..,..,..,..,..,..,..,..,..,41229.0142680848,43247.6859965862,44318.2210969282,42678.2770294233,45279.6419356799,49428.3097589957,57200.4664639273,58550.6571723349,63665.3153474479,75148.3494360381,..,..,..,..,..,..,..,..,58093.9960625367,57683.8938973128,62316.2199488315,61281.3272247009,57339.5268713567,67960.7269955768,..
Croatia,HRV,GDP per capita (current US$),NY.GDP.PCAP.CD,..,..,..,..,..,..,..,..,..,..,..,..,..,..,..,..,..,..,..,..,..,..,..,..,..,..,..,..,..,..,..,..,..,..,..,4930.33530861222,5298.88508010941,5330.32889310394,5711.48570357941,5267.51220732922,4952.37775298931,5364.01024143422,6219.47321325884,8192.32263343511,9723.38102385632,10446.3614889222,11505.399839938,13762.4562630334,15898.7998960876,14421.1714758536,13693.5000292691,14655.8743881973,13439.6645555189,13979.1855602956,14001.1603438958,12098.5120254631,12579.9227031481,13592.2545240617,15040.0369182791,15120.9029026824,14269.9088549332,17809.0323901126,18570.4039968345
Cyprus,CYP,GDP per capita (current US$),NY.GDP.PCAP.CD,..,..,..,..,..,..,..,..,..,..,..,..,..,..,..,976.334228515625,1157.41162109375,1476.271484375,1929.40356445313,2559.259765625,4232.02294921875,4033.24047851563,4122.78466796875,4091.04858398438,4258.74365234375,4488.287109375,5642.63134765625,6690.578125,7645.6298828125,8038.9140625,9641.5751953125,9696.099609375,11310.072265625,10526.1416015625,11617.6923828125,15261.41015625,15139.2265625,14234.244140625,15092.826171875,15287.9189453125,14388.34765625,14821.447265625,16093.21484375,20252.23828125,23792.62109375,24959.259765625,26729.32421875,31244.92578125,35397.36328125,32109.2421875,31023.267578125,32395.75390625,28910.74609375,27727.53515625,27162.322265625,23408.44140625,24605.349609375,26608.6953125,29335.046875,29420,28281.42578125,32745.84375,32048.240234375
Czechia,CZE,GDP per capita (current US$),NY.GDP.PCAP.CD,..,..,..,..,..,..,..,..,..,..,..,..,..,..,..,..,..,..,..,..,..,..,..,..,..,..,..,..,..,..,3941.50309406941,2896.60913065504,3372.86542951101,3956.1783495613,4630.55121674353,5824.12129119574,6532.83705470198,6034.48843731935,6489.7036188033,6337.41912037126,6029.03819275358,6637.04165713981,8060.86870292424,9818.56849307488,11749.8526643577,13430.6698955613,15261.7975911138,18466.5479299216,22804.5776774507,19861.6974295256,19960.0684872157,21871.2660754128,19870.8012123403,20133.1691431353,19890.9199056648,17829.6983223668,18575.2320271915,20636.199952435,23424.4804601855,23664.8478631108,22992.8793833348,26822.5141862111,27223.0451937676
Denmark,DNK,GDP per capita (current US$),NY.GDP.PCAP.CD,..,..,..,..,..,..,2487.13618090884,2700.74628964677,2776.13539044344,3151.13316134695,3464.45515573196,3845.50608879175,4654.29893603922,6119.37022218668,6770.75002682893,7999.11266676484,8787.58972193297,9783.85202151322,11826.0186130503,13751.998948016,13883.8871432732,12081.8010496077,11804.4328880134,11857.8921357231,11562.9190778487,12253.1002141785,17201.0888129674,21340.7278625524,22527.0467265631,21901.054745944,26891.4464489571,27011.3774590051,29569.6603567112,27597.9752286357,29995.5796235479,35351.3654606819,35650.7140860994,32835.9399398833,33368.142415092,33440.7948054204,30743.5476816354,30751.654348268,33228.6935448819,40458.7773986609,46511.5983324305,48799.8256011275,52026.9995142723,58487.0549677696,64322.0635020842,58163.2768762815,58041.3984363385,61753.647131977,58507.5080517852,61191.1937042028,62548.9847332908,53254.8563700916,54663.9983719195,57610.0981801135,61591.9288698958,59592.9806886454,60836.5924121638,69268.6517983134,67790.0539923276
Estonia,EST,GDP per capita (current US$),NY.GDP.PCAP.CD,..,..,..,..,..,..,..,..,..,..,..,..,..,..,..,..,..,..,..,..,..,..,..,..,..,..,..,..,..,..,..,..,..,..,..,3134.38975345407,3380.92630243199,3682.95230146695,4093.39247738765,4140.93660232167,4070.60902410208,4505.85833233188,5341.62894677002,7203.52303786646,8914.10355674451,10412.6443137966,12639.4000677296,16744.5844516343,18204.9664786762,14711.7352728223,14663.0446126465,17487.8047830922,17403.2053254767,19056.0019226989,20261.0667303886,17402.0376128079,18295.3429322114,20437.765376736,23165.8494786437,23424.4847073518,23595.2436836441,27943.701219882,28247.095992497
Faroe Islands,FRO,GDP per capita (current US$),NY.GDP.PCAP.CD,..,..,..,..,..,1594.52271011187,1748.73404167402,1778.62715686756,1732.30578439189,1844.37838169653,2210.8843537415,2553.17883877922,3036.22780926119,4056.67150967699,4896.14249907534,5597.50987086296,6588.16060431035,8384.52073564445,9480.11521230815,10553.0629242592,11451.0684258191,10461.2138355745,10054.5126193302,10893.5755826788,9438.54801577864,10078.0533449333,14972.8171280411,19074.1360744953,20626.0132654074,18360.3990394801,20236.428925417,19424.3369969254,19838.5048000409,16874.1615610619,17192.8843355503,20577.6671574177,22419.1606928062,20985.7980311412,24623.743124955,24947.1235837634,23370.7737767844,25089.5926494304,27238.0255328878,31691.880082905,35940.9608625712,36440.3221972404,41762.6898536453,48365.735061209,51431.9730976048,47410.9556269077,48167.6675141519,51786.480991824,50157.0587890212,55560.1330274996,60126.1256426858,52726.6873782078,56833.9165410522,59328.2376643374,62576.8016380509,63203.7447848956,62234.9686802048,69108.2065823035,66979.2773224808
Finland,FIN,GDP per capita (current US$),NY.GDP.PCAP.CD,1179.35301099994,1327.427224366,1411.70239818044,1522.3192420995,1707.50393824701,1882.08685764849,2010.21345619725,2034.18904965478,1907.07727217667,2178.03525044982,2465.64481862422,2716.19009222861,3177.64570093734,4173.17304749428,5297.60781739462,6255.54464076423,6739.69071253255,7069.10573825616,7628.81571424906,9332.24526383769,11223.937563528,10926.817966566,10938.122061411,10497.479996566,10833.8662886935,11398.1059531509,14951.0467852887,18571.0599253579,22047.7933222595,23973.2394840041,28364.6450765922,25484.7392935746,22319.059460246,17608.8123902264,20301.333085866,26271.5998141691,25783.4504878611,24691.8728133698,26009.2694886182,26186.1900105755,24345.9148217032,24967.7925153182,26997.7529897788,32927.6802919408,37772.1781110398,39054.8504423825,41222.6020004611,48476.3927287052,53772.7942390019,47481.4845364339,46505.3031791811,51148.9316365833,47708.0612784469,49892.2233632732,50327.2402902632,42801.9081167285,43814.0265056965,46412.1364777169,49987.6261584968,48629.8582283032,49169.7193388499,53559.9776765847,50916.2804653208
France,FRA,GDP per capita (current US$),NY.GDP.PCAP.CD,1333.88157286682,1430.43462423276,1585.73531130188,1758.85665897749,1928.99940153416,2060.29971514635,2209.0001728109,2363.66966905413,2553.97584327959,2767.61543140447,2870.15751000611,3180.3374404808,3865.92540043539,4984.19668411585,5345.92156814952,6717.43948868856,6899.06957775716,7566.66255936088,9299.77404965756,11213.0236211621,12738.5200524368,11116.86105785,10501.6091345216,9998.97521903088,9430.06964816743,9778.08530538681,13566.6607729285,16340.7259713299,17727.5108342779,17747.5815980944,21865.5552539348,21675.7060879719,23814.227367599,22380.331904695,23496.367675721,26889.4250554833,26870.2852380937,24226.8846867539,24971.5744885632,24678.3910613218,22416.425417915,22449.3396931175,24288.2700193508,29627.92426353,33797.1624418436,34768.1759037525,36470.2128399313,41557.6235648179,45515.9617533473,41737.7635518137,40676.0647913181,43846.4660764798,40870.8523645734,42602.7179652667,43068.5487241739,36652.9223052178,37062.5335723829,38781.0494870836,41557.8548588876,40494.8982936276,39179.7442596057,43671.3084099631,40886.2532680273
Georgia,GEO,GDP per capita (current US$),NY.GDP.PCAP.CD,..,..,..,..,..,..,..,..,..,..,..,..,..,..,..,..,..,..,..,..,..,..,..,..,..,..,..,..,..,..,1561.84922948771,1323.43514133874,765.36370165179,550.040007880477,519.857581188288,578.344609852583,689.05944138472,807.032285752352,851.515542450841,673.537782887275,749.908534993961,801.98383707929,853.526171868939,1010.03151630868,1305.04748557208,1642.78359414797,1996.02013272284,2635.36650276116,3324.7537205015,2822.68939668797,3233.21975246843,4021.75522955035,4421.930711904,4623.88471369397,4739.27691304547,4014.11165137641,4062.12697838612,4356.92801624893,4722.0424231414,4696.15058555612,4255.74299321254,5023.27438368985,6674.95695994589
Germany,DEU,GDP per capita (current US$),NY.GDP.PCAP.CD,..,..,..,..,..,..,..,..,..,..,2761.16683289339,3192.13361563743,3809.98144489456,5046.75510305815,5639.07762129679,6236.3588812986,6634.85689909309,7682.95377492882,9482.04284964716,11281.0233245081,12138.3081034267,10209.0731153846,9913.73764159395,9864.3449403866,9313.16941243118,9429.56921688214,13461.8310034147,16677.51078816,17931.2823228876,17764.376445833,22303.9613266628,23357.757725073,26438.2303888417,25522.6295733618,27076.60675014,31658.3493789135,30485.8665482279,26964.0494672673,27289.0593603191,26734.9425369252,23694.7604830673,23628.3272122367,25197.2656001848,30310.3575963774,34106.6581224001,34520.2396492496,36353.8803343631,41640.0808695147,45612.7106221441,41650.3678297162,41572.4559481507,46705.8957963353,43855.8544658618,46298.9229177341,48023.8699845462,41103.2564363768,42136.1207907991,44652.5891722719,47939.2782884504,46805.1384334439,46749.4762280016,51426.7503654421,48717.9911402128
Gibraltar,GIB,GDP per capita (current US$),NY.GDP.PCAP.CD,..,..,..,..,..,..,..,..,..,..,..,..,..,..,..,..,..,..,..,..,..,..,..,..,..,..,..,..,..,..,..,..,..,..,..,..,..,..,..,..,..,..,..,..,..,..,..,..,..,..,..,..,..,..,..,..,..,..,..,..,..,..,..
Greece,GRC,GDP per capita (current US$),NY.GDP.PCAP.CD,520.322744310383,590.780054812393,617.057757690519,695.228624389878,783.705880998279,899.281238912995,997.430467475556,1068.11455622703,1154.43853055613,1324.05898884761,1494.38798449137,1652.32595586747,1899.67578389335,2502.81474512238,2828.74855899504,3153.23577562809,3390.54497596312,3886.37445146759,4694.6337817198,5705.94937054811,5893.66189269128,5380.26761963211,5579.23461523759,5019.87877056877,4852.56566737719,4813.71120474694,5656.50533164528,6564.88442712193,7598.02800548468,7846.67812242278,9600.18523506603,10188.3697801238,11176.4584190614,10401.9830146096,11091.2838472779,12959.3242908115,13749.1151120679,13427.8325055002,13472.1376092623,13249.6633239242,12072.9293569196,12549.036894906,14177.5721592705,18518.3788387396,21995.477943746,22560.1472939077,24821.9367451879,28863.9732885018,32127.9831943287,29828.7560245271,26716.6488260274,25483.8825644931,21912.9982879517,21787.7877636035,21616.7100094908,18083.8779056547,17923.9668134716,18582.0893411631,19756.990456255,19143.8876174584,17617.2915057014,20310.6824798873,20867.2690861087
Greenland,GRL,GDP per capita (current US$),NY.GDP.PCAP.CD,..,..,..,..,..,..,..,..,..,..,1498.27643678161,1874.29530190099,2196.71424019198,2860.28057640115,3432.70603291276,4257.87561148406,4844.65629347485,5713.96253360554,7235.5169393433,8480.76253105822,9483.10240585198,8544.09791016512,7813.65128212172,7988.17794662988,7198.7078081665,7760.83426370628,11271.3325735884,14554.3513669736,16397.9501938761,16813.7414501107,18326.9295023252,18315.3165631906,18768.8275325455,16797.3578218828,18124.0998075763,21665.8295173116,21422.4609853672,19145.614890096,20496.578783559,20170.322763798,19004.0038435698,19275.4339659556,20652.8417042443,27459.8753295461,32023.6820516137,32489.7277309899,35458.2542977474,39780.9441368721,44366.7858688175,44918.8413832155,43988.5280290494,47186.8759969388,45936.9562817724,47535.4883792376,50485.2244135291,44536.3549705377,48181.7453541266,50765.7494665372,54545.135857765,53309.2035905065,54693.0766804265,57116.295770722,..
Hungary,HUN,GDP per capita (current US$),NY.GDP.PCAP.CD,..,..,..,..,..,..,..,..,..,..,..,..,..,..,..,..,..,..,..,..,..,..,..,..,..,..,..,..,..,..,..,3350.25832349229,3735.10582034276,3873.98772279767,4173.37302405441,4494.70762405948,4525.03910312241,4596.18262235195,4744.21226429639,4793.47852203763,4624.28165670295,5276.03318905496,6655.33300865319,8419.43087098103,10301.7033946743,11223.3993032598,11489.5608654088,13940.9092761999,15772.3300839383,13077.305465178,13217.5045951108,14234.471576937,12984.8365730133,13715.0703590361,14294.2584180751,12717.038597002,13104.6995457458,14621.2395956755,16425.2050299693,16786.2136399075,16125.6094085407,18753.0469453539,18390.1849993244
Iceland,ISL,GDP per capita (current US$),NY.GDP.PCAP.CD,1414.98226940621,1418.12586971526,1562.23073045837,1831.70565581972,2297.9206432038,2723.52094989073,3215.69417804329,3125.64949185014,2354.48002671305,2039.19629517262,2576.35344434276,3252.09917788448,4014.84273017558,5437.34252541217,7040.55404419726,6454.17715159378,7583.27529804327,9957.25443433463,11236.735735064,12640.6408128355,14821.8150912707,15137.2538408683,13711.7362718597,11671.8092292119,11959.5400102921,12361.1870365183,16406.04794507,22453.1882283809,24451.9733172334,22434.3467683494,25384.9150226302,26802.9895156678,27124.2745379594,23579.7953612417,24018.6313967189,26633.5913761549,27614.8770273122,27919.1854966562,31030.0535989181,32381.6252356488,32096.3722613695,28897.4439396908,32409.2161491753,39476.6978486684,47334.9306537723,56794.8501588953,57492.9342498703,69495.7267376825,56943.3704468563,41301.273219718,43237.0729488958,47714.5922308485,45995.5478789467,49804.9829978371,54576.7448146565,52951.6815110898,61987.9263620283,72010.1490316258,74452.1890731447,68452.23622306,58848.41812446,68710.2442005473,73466.7786674708
Ireland,IRL,GDP per capita (current US$),NY.GDP.PCAP.CD,685.61471237976,739.276406442666,797.006288353959,852.135301717888,965.135422676745,1023.77372640936,1074.50650554958,1152.00495214994,1124.51663608246,1291.34992028637,1486.51452734638,1703.93218277317,2080.46514718169,2424.26904706558,2516.92768605196,2973.40012301715,2919.58308695615,3427.0734359204,4399.98680535092,5429.96200087479,6372.43777545453,5986.1541089392,6160.63829313723,5915.24177164341,5692.02738597285,6011.7355464232,8112.17136316453,9581.91308572415,10715.8702780539,11175.816603647,14031.3025675469,14087.2074393708,15714.3847487231,14657.0615549805,15902.9296755168,19158.4564773907,20835.8977130847,22551.1139134126,24294.8547674007,26338.1077543817,26334.5672050501,28282.409882073,32705.4345565698,41203.5295847568,47754.2023194244,50933.0216095589,54329.1618599624,61396.417461176,61353.1065629523,52133.0906162544,48663.6004439251,52219.7057327581,48943.8206459561,51496.9616850661,55752.7649838131,62179.2642662951,62784.0656875694,70150.7370157965,79446.9391085469,80848.3019020489,85973.0884875501,102001.798249145,103983.29133582
Isle of Man,IMN,GDP per capita (current US$),NY.GDP.PCAP.CD,..,..,..,..,..,..,..,..,..,..,..,..,..,..,..,..,..,..,..,..,..,..,..,..,..,..,..,..,..,..,..,..,..,..,..,12802.1226759755,14212.1651933048,16223.6501505447,18753.0401253347,20991.6231008789,20693.8381675417,21716.9460422835,25230.0755574049,29877.9587606731,35872.72612288,38184.3378346299,42662.6028527822,55072.1779876299,72304.9475048348,66175.2275795601,70625.1685395487,77838.3969263195,79326.3829993587,83204.7471695074,91881.1283610971,84753.4567282435,82041.6210496551,83510.303746436,89425.8913885835,87152.4530176191,79530.6054839665,..,..
Italy,ITA,GDP per capita (current US$),NY.GDP.PCAP.CD,804.492623346178,887.336744604475,990.26015216342,1126.01933699825,1222.5445404629,1304.45381661965,1402.44235441032,1533.69287748547,1651.93937679756,1813.38812575706,2106.86395924945,2305.60975059607,2671.1373144713,3205.25204038444,3621.14582247876,4106.99386771403,4033.09935444585,4603.59970127027,5610.49809928171,6990.28580671461,8456.91897443827,7622.83332844583,7556.52343693203,7832.5753867885,7739.71528361795,7990.68656551182,11315.0151767923,14234.7286380474,15744.6612635428,16386.6622120866,20825.7842228307,21956.5297707332,23243.4745277206,18738.7638969132,19337.6308996383,20664.5522701724,23081.6046757702,21829.3458226222,22318.1373007109,22005.0545405773,20137.5912217673,20500.9543995672,22376.2978989329,27526.3224609957,31317.2007943296,32055.0920757503,33529.7266014361,37870.7475070969,40944.9124194678,37226.7571935402,36035.6449950691,38649.6394836789,35051.5212697703,35560.0814062288,35565.7213771496,30242.3861352184,30960.7315088902,32406.7203150134,34622.1696664741,33673.7509627421,31922.9191626183,36449.2583375837,34776.423234274
Kazakhstan,KAZ,GDP per capita (current US$),NY.GDP.PCAP.CD,..,..,..,..,..,..,..,..,..,..,..,..,..,..,..,..,..,..,..,..,..,..,..,..,..,..,..,..,..,..,1647.41963968747,1514.92309359658,1515.73765903177,1429.07817700902,1316.18362895297,1288.18851938364,1350.30500819378,1445.50323686938,1468.66867224573,1130.1175320085,1229.00096132728,1490.92675457119,1658.03114240952,2068.12352309089,2874.28848272999,3771.27895733845,5291.57400354244,6771.41662014884,8458.01947450022,7165.22477794014,9070.48825285747,11633.9985836418,12386.6992652963,13890.6339694612,12807.2630452048,10510.7703240885,7714.84184376024,9247.58067886159,9812.62543137393,9812.59552626324,9121.63640904156,10373.7897924367,11492.031938762
Kosovo,XKX,GDP per capita (current US$),NY.GDP.PCAP.CD,..,..,..,..,..,..,..,..,..,..,..,..,..,..,..,..,..,..,..,..,..,..,..,..,..,..,..,..,..,..,..,..,..,..,..,..,..,..,..,..,..,..,..,..,..,..,..,..,2965.44991493706,2847.55533886408,3009.52342543243,3540.82278614169,3410.69325464808,3704.5628029766,3902.53084084218,3520.78207462478,3759.47285515454,4009.3538108854,4384.18868045931,4416.02925267842,4310.9340020057,5269.78390114389,5340.26879794836
Kyrgyz Republic,KGZ,GDP per capita (current US$),NY.GDP.PCAP.CD,..,..,..,..,..,..,..,..,..,..,..,..,..,..,..,..,..,..,..,..,..,..,..,..,..,..,..,..,..,..,609.172891237019,575.643974470034,513.035943659476,449.065790188734,372.307810016831,364.226497350785,394.860121460514,376.4296132611,345.138131648451,258.049228785755,279.619569260939,308.409611591149,321.727033227846,380.506432394744,433.234976590867,476.551885951653,543.110702403072,721.769522542147,966.393838565694,871.224226887324,880.038521818228,1123.88314370665,1177.97526115747,1282.43824753314,1279.77078445418,1121.08269597662,1120.66705800127,1242.77022029305,1308.13978544561,1451.51563835807,1256.92922601263,1365.50830399287,1655.07269765044
Latvia,LVA,GDP per capita (current US$),NY.GDP.PCAP.CD,..,..,..,..,..,..,..,..,..,..,..,..,..,..,..,..,..,..,..,..,..,..,..,..,..,..,..,..,..,..,..,..,..,..,..,2329.57673252552,2431.70899961616,2683.2413681237,2973.53484252681,3151.57701817354,3361.64086880275,3578.00190041351,4136.93329688951,5145.19523190241,6378.66652057115,7594.90238431362,9723.44690174779,14113.5291277327,16467.1436879405,12331.9285524089,11420.9940032836,13338.9622350852,13847.3379393194,15007.4918561719,15742.3913381908,13786.4567953114,14331.7515885049,15695.1151541059,17865.0310947642,17883.3494113217,18096.2027073394,20930.3982374189,21779.5042572825
Liechtenstein,LIE,GDP per capita (current US$),NY.GDP.PCAP.CD,..,..,..,..,..,..,..,..,..,..,4272.33917413659,4874.74068568322,5712.07833053628,7457.14267024043,8568.7986960907,10698.6149306823,11636.8850558519,12750.2045742454,18050.4882373182,20440.8963435118,21385.4082668544,20186.5284512142,20323.7479189962,20112.209744408,19024.2616144188,19752.6082678208,28696.1155602216,38227.0349274202,41574.4943822489,39495.8493921565,49418.015517964,50883.1699859272,55142.7277458715,55747.2092725543,63984.288197567,78618.4869115981,79905.957603548,72344.658573775,77033.2123647915,81683.4555017209,75210.1331775911,74658.453942256,79797.5468904958,90317.7368065187,100710.606348234,105751.498912828,114652.242430174,130908.389678938,143540.573432591,126261.397282982,141466.827324144,158603.608966707,149461.78557146,173659.411799089,179467.516166777,167809.269874833,165845.995200652,170875.682067431,175286.679024684,167259.160311816,165287.186766512,197504.548936258,..
Lithuania,LTU,GDP per capita (current US$),NY.GDP.PCAP.CD,..,..,..,..,..,..,..,..,..,..,..,..,..,..,..,..,..,..,..,..,..,..,..,..,..,..,..,..,..,..,..,..,..,..,..,2167.79258211454,2327.43485695499,2830.27807089131,3166.66653264509,3113.17906019859,3293.22997867086,3525.79363185461,4141.59270180102,5499.42898911387,6700.32719189382,7854.76527867855,9230.70798102521,12285.4470537014,14944.996652175,11820.7761591359,11987.508411647,14376.9478643932,14367.709424872,15729.6524666512,16551.018202078,14263.9645773495,15008.3132445526,16885.4073948373,19186.359591641,19615.5491450175,20381.8557827478,23849.6156993566,25064.808914729
Luxembourg,LUX,GDP per capita (current US$),NY.GDP.PCAP.CD,2242.0158166161,2222.36636636277,2311.79884893619,2441.03855530008,2755.63311653279,2780.09271886584,2900.43321843978,2909.66062936858,3175.36736882691,3658.90068296888,4298.03389742102,4435.39800823681,5486.72062789089,7447.21301786664,8966.72895879047,8701.30473139249,9490.6903118849,10486.3357891095,13034.3882079614,15204.3308191994,16531.1148988397,13837.1299814617,12590.9767956204,12374.0304234408,12126.9391987909,12481.9658448559,18149.8692500239,22443.4314633012,25219.3542781732,26618.0695774968,33465.478207919,35747.3377992066,39570.8615665986,40066.7242518773,43933.235442736,51032.349635318,50444.3591236175,46641.6408754876,47445.3810812051,50872.4492684624,48659.5988753233,48440.1420151355,53005.7339209179,65689.3214536911,76544.9170868473,80988.1376230858,90788.8004876145,107475.320297978,120422.137934157,109419.746953106,110885.991378721,119025.057203467,112584.676270958,120000.140729859,123678.702143275,105462.012584423,106899.293549552,110193.213797228,116786.511654677,112726.439672814,116905.370396853,133711.794435985,125006.021815486
Moldova,MDA,GDP per capita (current US$),NY.GDP.PCAP.CD,..,..,..,..,..,..,..,..,..,..,..,..,..,..,..,..,..,..,..,..,..,..,..,..,..,..,..,..,..,..,..,..,..,..,..,593.586592988924,575.145455139019,657.29213459795,578.734627562193,399.499818596336,440.538683980372,507.404076252819,570.799866188293,682.319095965299,897.178494749468,1034.39197746993,1183.02481442894,1531.21618590748,2110.55305353857,1898.43975710988,2436.79935102421,2941.36224066021,3044.8084324815,3321.04397795719,3289.16784588695,2749.91303825395,2847.63506882245,3454.95469039113,4156.95750022299,4404.95042249597,4376.24249318339,5274.74484719747,5714.43048840294
Monaco,MCO,GDP per capita (current US$),NY.GDP.PCAP.CD,..,..,..,..,..,..,..,..,..,..,12077.7640394753,13315.9776690458,16169.8702567917,20857.0647439729,22324.0144926781,27894.4899660584,28393.0899941075,30911.9500123572,37681.4378048464,45087.2082988368,50900.2631153738,44171.9926671905,41461.4462179652,39040.9278013074,36516.68970152,37590.4296640199,51943.1882168477,62341.7445178561,67133.2375315541,66829.0389378484,81813.0197866691,81158.9073855653,88882.5495455094,82983.9593776937,87042.2722470235,99431.738622339,98927.6772446189,88844.9446436765,91110.977294728,89742.5029689929,81763.8276688413,82410.4004966217,90151.5464032213,111309.869748198,125435.894305312,130818.981946144,143289.072903488,184639.750063228,204097.113958028,168957.10787757,161780.745361248,179369.268180394,165497.097810044,185055.517569114,195772.724261668,170338.680381498,174412.494536127,173611.687859934,193968.090133158,199382.838585354,182537.387370109,235132.784182144,240862.18244774
Montenegro,MNE,GDP per capita (current US$),NY.GDP.PCAP.CD,..,..,..,..,..,..,..,..,..,..,..,..,..,..,..,..,..,..,..,..,..,..,..,..,..,..,..,..,..,..,..,..,..,..,..,..,..,..,..,..,1627.06511911987,1909.59870186179,2106.6350684523,2789.15906483509,3380.16512135859,3674.6179242797,4425.67887307803,5976.39414454596,7367.75190910882,6727.10776676969,6688.40259641346,7328.78943085498,6586.39970256684,7188.86361611271,7387.87296917548,6517.19267514764,7033.43962398373,7803.35824465203,8850.3749248372,8909.6538759126,7677.37132106817,9465.96153027794,10093.4387007266
Netherlands,NLD,GDP per capita (current US$),NY.GDP.PCAP.CD,1068.78458723735,1159.39235716074,1240.67789437294,1328.03664879968,1541.94736519029,1708.09635648862,1835.80142351034,1991.36068565042,2185.24865888657,2642.95611830093,2927.07293946175,3378.61479729144,4104.45102978895,5345.57544377587,6440.97842006268,7335.5089973343,7925.6880622655,9166.80819524307,11179.3895620565,12798.5432457441,13791.8622639458,11520.4478716306,11072.6584545573,10680.3590423923,9977.1602168293,9926.1299705666,13783.8501091364,16709.5596773838,17744.5013844684,17397.6916825595,21290.8603827045,21732.2307621923,23904.037415058,23122.4107668645,24646.3143096269,29258.1343486211,29006.8094454171,26700.5371335926,27885.8083823465,28272.6432492539,26214.498549887,26896.5481111196,29343.2449960602,35750.9746630269,40436.6182310407,41994.7135305232,44900.9381441374,51799.2085521047,57879.9437553916,52722.2130568997,50999.7451168879,54230.3129029852,50070.1416045904,52198.8975607454,52900.537415323,45193.4032187971,46039.1059284098,48675.2223350213,53044.5324352253,52476.2732533327,52162.5701150406,58727.8705471475,57025.01245598
North Macedonia,MKD,GDP per capita (current US$),NY.GDP.PCAP.CD,..,..,..,..,..,..,..,..,..,..,..,..,..,..,..,..,..,..,..,..,..,..,..,..,..,..,..,..,..,..,2299.0443294502,2424.90767364438,1207.54289816124,1343.31528857667,1795.55311637563,2372.54371311275,2327.73078693533,1959.56073782188,1875.81662735988,1915.39281060996,1861.89899780644,1823.02267682636,1989.13537265159,2440.47882968871,2795.89739346219,3072.67963241319,3362.97069325398,4079.39040357019,4841.25366017816,4584.71243091987,4577.68954288046,5098.09470097215,4728.31307850676,5241.05360094583,5495.73138040533,4861.55615984223,5149.58676436907,5450.49706853299,6108.73917044261,6070.38805358275,5965.45023195365,6778.56287821774,6591.47131411961
Norway,NOR,GDP per capita (current US$),NY.GDP.PCAP.CD,1441.75566002633,1560.3249311723,1667.2474297782,1775.58265544979,1937.88461385928,2164.46882336736,2317.19488382656,2514.04377214705,2662.11749153117,2875.23584396858,3306.21947607769,3736.34873749991,4413.57569168528,5689.5888066967,6811.52733653232,8204.45151152979,8927.20162734477,10266.1206718698,11462.5945916053,13046.5372210653,15772.2409073814,15512.5067043575,15224.8939100982,14927.5174766339,14989.4857665906,15753.5527652129,18883.2333523873,22505.8622623684,24207.281468963,24281.1304051396,28242.981402822,28596.9330036444,30523.9850558974,27963.6979095744,29315.8092337732,34875.7043347536,37321.9741993473,36629.0309036621,34803.4634058738,36393.2927471088,38178.2368777076,38601.897639231,43170.557174499,50250.3298214345,57768.6980958462,67047.1704558264,74434.4996835671,85502.2677087731,97503.5407803783,80347.5700665184,88163.2085931423,101221.813476644,102175.919298374,103553.840134417,97666.6951838749,74809.9658049898,70867.3609970749,76131.8384032764,82792.8427113304,76430.5889473338,68340.0181033702,90655.3910229392,106177.197179078
Poland,POL,GDP per capita (current US$),NY.GDP.PCAP.CD,..,..,..,..,..,..,..,..,..,..,..,..,..,..,..,..,..,..,..,..,..,..,..,..,..,..,..,..,..,..,1731.2095094382,2235.54108862522,2459.02068468253,2497.13055936127,2874.83163555069,3686.84514580278,4147.46550145483,4123.14567666725,4518.10822630174,4398.07217426732,4501.47996121234,4991.24435799511,5207.129304207,5701.63886301914,6681.30975087388,8021.54789037388,9035.53275810927,11254.3140875349,13995.7811598115,11525.9007370991,12504.2501856093,13776.3883624327,13010.7555868425,13558.3411314221,14181.9486817352,12560.051419682,12378.8117641782,13815.4999463758,15504.5089370714,15700.0135796738,15816.8204021382,18050.2794441161,18688.0044867103
Portugal,PRT,GDP per capita (current US$),NY.GDP.PCAP.CD,360.499298506858,382.729946994368,407.852843612372,432.511729575075,468.781081635443,520.910659367884,575.007680668221,646.82272006084,719.08049185329,795.759371391099,934.082156096117,1064.53771257341,1302.2662677393,1747.98904060266,2000.41824574682,2127.6375072593,2173.28393425975,2267.37100319478,2457.31321644599,2755.6246177008,3368.36666940279,3245.97521367748,3079.94956634271,2735.49106580047,2522.74747620658,2705.19300197317,3861.9484333688,4803.86609546941,5623.69699982123,6056.38102771889,7884.61798756332,8958.9853330247,10810.5665079626,9534.6563637308,9977.31990905771,11781.3618502221,12185.0914010629,11575.5071124358,12199.206385024,12475.2917701476,11526.3720667968,11734.7649743954,12936.6928204482,15797.7821340276,18064.1580932987,18780.12751241,19839.4540499032,22811.0564844365,24949.0413566739,23151.2154130712,22520.6423124045,23217.2954965207,20563.7136012629,21653.1959752225,22103.7009703321,19250.1065376852,19991.9724878805,21490.429863104,23562.5545228191,23330.817288932,22242.406417972,24661.1664874576,24515.2658507319
Romania,ROU,GDP per capita (current US$),NY.GDP.PCAP.CD,..,..,..,..,..,..,..,..,..,..,..,..,..,..,..,..,..,..,..,..,..,..,..,..,..,..,..,1658.75873899995,1753.19285632198,1789.64455528113,1648.48522974542,1254.3124421298,1102.10378473246,1158.05632799712,1323.03237766927,1650.04922365201,1633.01064354117,1577.33656023974,1852.5549693339,1599.90622808339,1659.92904910528,1825.19299373184,2119.85509684554,2679.40626016154,3494.99056448955,4618.00350802913,5757.53127301178,8360.33775916596,10435.2179803541,8548.04859012993,8397.80917311457,9560.15942530942,8930.72991164974,9497.20647561211,10031.3421526698,8976.9544892648,9404.38125929526,10727.9708633184,12494.4235789649,12957.9991142218,13047.4566563993,14946.624968678,15786.8017421977
Russian Federation,RUS,GDP per capita (current US$),NY.GDP.PCAP.CD,..,..,..,..,..,..,..,..,..,..,..,..,..,..,..,..,..,..,..,..,..,..,..,..,..,..,..,..,3778.01977539063,3429.64990234375,3494.06298828125,3490.45239257813,3098.802734375,2930.67016601563,2662.10400390625,2665.77978515625,2643.92919921875,2737.57202148438,1834.86181640625,1330.75720214844,1771.59411621094,2100.3525390625,2377.52954101563,2975.123046875,4102.36474609375,5323.455078125,6920.19970703125,9101.2392578125,11635.2841796875,8562.82421875,10674.990234375,14311.064453125,15420.859375,15974.6220703125,14095.646484375,9313.021484375,8704.89453125,10720.33203125,11287.3544921875,11536.2587890625,10194.44140625,12532.05078125,15270.7060546875
San Marino,SMR,GDP per capita (current US$),NY.GDP.PCAP.CD,..,..,..,..,..,..,..,..,..,..,..,..,..,..,..,..,..,..,..,..,..,..,..,..,..,..,..,..,..,..,..,..,..,..,..,..,..,..,..,42004.9484008147,37473.7869829611,39415.1629432165,41770.1466183714,51198.4252583966,59249.6476815729,60520.7920361111,63692.6167681957,71970.0587250442,77962.1439875871,66200.6729727817,59516.3233988223,55815.2852611454,48433.5702995685,50435.3673298211,50133.6065243359,42281.8112549264,43398.4285257227,44885.517837773,48464.5246477919,47287.3983948633,45321.4892226161,54982.451714817,..
Serbia,SRB,GDP per capita (current US$),NY.GDP.PCAP.CD,..,..,..,..,..,..,..,..,..,..,..,..,..,..,..,..,..,..,..,..,..,..,..,..,..,..,..,..,..,..,..,..,..,..,..,2207.4505980581,2864.0847269944,3380.04141638289,2571.17271041453,2571.30403953333,914.785719885861,1727.2822281985,2283.84668494941,3005.42635224484,3502.80292389567,3720.47915467431,4382.61727851692,5848.47640545105,7101.04014116862,6169.11419477823,5735.42285659849,6809.15980400146,6015.94522756969,6755.07367461629,6600.05621129155,5588.9794435877,5765.20335248009,6292.5465490011,7252.40366767165,7417.20660836868,7733.80346893763,9232.96160604855,9537.68286673128
Slovak Republic,SVK,GDP per capita (current US$),NY.GDP.PCAP.CD,..,..,..,..,..,..,..,..,..,..,..,..,..,..,..,..,..,..,..,..,..,..,..,..,..,..,..,..,..,..,2405.53516040785,2691.19565226261,2920.91754234186,3102.29685877712,3771.35951578288,4819.12555470987,5196.94037965932,5146.67107827084,5538.61646477184,5645.58139584233,5426.62428119306,5722.1681828083,6564.69631373665,8731.93736824381,10691.4465495259,11690.1134689407,13170.7849804675,16106.0604446695,18753.5849413816,16597.2084581361,16908.8479564876,18509.7402157541,17498.3539002594,18276.0095516546,18719.9881409371,16390.8821748507,16563.4404971229,17585.197002257,19486.3936845505,19381.8905468746,19552.0911095911,21768.1486708026,21256.8084273666
Slovenia,SVN,GDP per capita (current US$),NY.GDP.PCAP.CD,..,..,..,..,..,..,..,..,..,..,..,..,..,..,..,..,..,..,..,..,..,..,..,..,..,..,..,..,..,..,..,..,..,..,..,10730.4510136379,10815.1110457688,10454.9656390657,11175.7710286265,11452.7831245082,10201.3035366727,10479.7596309273,11777.1556578814,14849.0372415032,17233.1385611279,18098.9085440003,19672.9655554146,23817.8867320201,27595.5999653992,24792.1279805504,23532.4808545468,25128.0150431304,22641.805122503,23503.2824850255,24247.1733184083,20890.1664304173,21678.3594670629,23514.0254604147,26123.7471277911,26042.4463468032,25558.4290544506,29331.0647010043,28439.3340989687
Spain,ESP,GDP per capita (current US$),NY.GDP.PCAP.CD,396.392253337614,450.053289246968,520.206131380005,609.487384056513,675.241639141208,774.761609330096,889.659872011529,968.306781765983,950.545740593734,1077.67869994591,1212.28932639401,1362.16552414021,1708.80862877366,2247.55337693219,2749.92466346596,3209.83744506281,3279.31267061507,3627.59066324096,4356.43922031196,5770.21461386463,6208.5780190814,5371.16643640984,5159.70864500142,4478.50028561471,4489.98893854814,4699.65576367274,6513.50328578924,8239.6138016479,9703.1238381095,10681.9712029257,13804.8767869937,14811.9028194881,16112.1889152156,13339.908563675,13415.2870010456,15471.962716535,16109.0843985284,14730.7971752046,15394.3514628249,15720.6405016061,14749.6874248766,15369.0011599444,17106.686576658,21510.8362454011,24907.0008505856,26429.1509449319,28389.0785799873,32591.3503065871,35510.7222312701,32169.5028548583,30532.4805081656,31677.9003083652,28322.9465923276,29077.1820557563,29513.6511800405,25754.36102944,26537.1594894542,28185.3213671969,30379.7211126422,29581.5185513299,26984.2962770279,30488.8209528797,29674.5442864413
Sweden,SWE,GDP per capita (current US$),NY.GDP.PCAP.CD,2114.00297269192,2288.92170111915,2468.69458903006,2657.02250478203,2941.04889945204,3206.09917020339,3454.42978938679,3720.92684527721,3926.40900146965,4234.16134821018,4736.21715377766,5132.71160742552,6027.12849917337,7301.215425886,8089.91458466682,10117.3066842673,10868.2757657546,11448.6193912266,12620.5186141512,14877.1642883549,17097.8326512095,15586.4300780047,13738.9722980374,12608.2291505865,13099.0208341765,13666.8577454736,17981.0194119405,21792.5589059822,24534.6938164191,25662.2205892506,30593.6724447761,31822.8038482367,32800.9826867546,24425.2849281118,26083.6143874838,30282.9639200066,32998.9681608432,30312.4875993103,30596.5272048832,30941.0793624668,29624.9126748618,27247.857734793,29899.1952495081,37321.7979047059,42821.6731423358,43437.0631164776,46593.6021646111,53700.0053363063,56152.552340314,46946.9602719954,52869.0442891587,60755.7595508465,58037.8213192173,61126.9431963979,60020.3604576572,51545.4836095322,51965.1571531985,53791.5087298403,54589.0603860606,51939.4297445291,52837.9039778149,61417.6808766469,56373.7885792007
Switzerland,CHE,GDP per capita (current US$),NY.GDP.PCAP.CD,1787.36034770201,1971.31632279228,2131.39165159983,2294.18284731738,2501.29318996377,2620.475547353,2784.73354771646,2960.72258588384,3121.8890308772,3344.78360254639,..,..,..,..,..,..,..,..,..,..,19393.8805480097,17665.0138979789,17999.969257078,17859.2323695837,16991.2458841517,17152.0948495991,24459.8536348433,30440.5108240499,32690.4302734561,31308.6508343136,39574.5398083788,39544.4946826768,40713.6881521435,39237.1186558781,43091.7770970073,50113.8321221345,48092.6433036512,41584.441782159,42680.5867322391,41695.6912912021,38865.021939688,39638.7911061864,42458.7384679187,49335.7456291067,54659.4571488233,56242.8933645639,59011.0324592016,64989.1553256031,74175.1927898555,71568.3123885672,76531.3729407691,90476.7589651577,85836.2076767359,87304.3305813557,88724.9909402638,83806.4476003837,82153.0745447889,82254.3769269767,85217.3691512274,84121.9310304414,85897.7843338323,93446.4344518943,93259.9057183024
Tajikistan,TJK,GDP per capita (current US$),NY.GDP.PCAP.CD,..,..,..,..,..,..,..,..,..,..,..,..,..,..,..,..,..,..,..,..,..,..,..,..,..,..,..,..,..,..,485.319861766486,456.523698632447,337.54887387114,287.993968686814,262.236435451774,208.169562547355,172.916499160817,150.646900773586,214.429331694379,175.555565352922,137.18190923442,168.638593302984,186.663375966457,233.094086999172,305.266043550168,333.71393843865,401.026829310322,517.434872524171,704.650178811389,666.721290565438,740.276191244616,837.881495181805,959.36021750698,1038.32071676208,1094.43012404185,970.362599665447,801.39383995978,844.36524984854,850.666958175637,889.023371804416,852.330229562269,916.691967061922,1054.18948358818
Turkiye,TUR,GDP per capita (current US$),NY.GDP.PCAP.CD,275.04169850244,282.742464109147,307.306285780158,347.177090597348,365.133869164746,381.413343185909,438.258608945418,473.693827120122,516.466806309454,560.643749585397,502.620674427931,444.628321938518,555.286128992833,683.702499374412,911.249851770269,1160.54173929955,1270.33909807208,1417.96310618668,1558.50229236091,2075.04900337908,1561.01468621454,1582.41907469046,1400.85609926179,1314.23036209016,1245.92878830587,1367.19549564049,1506.71412689474,1701.26484074194,1738.37644483375,2009.69366964856,2773.26975898937,2730.14338061428,2825.91503735204,3148.83643990722,2240.60879008605,2855.04055385514,3009.67016435321,3098.66801348091,4433.35828474486,4057.82127369394,4278.26311284951,3100.45899923828,3640.76283635427,4704.77266342301,6031.79136735234,7369.43188923286,8003.81449265461,9711.22376120832,10843.5036940489,9012.99945793034,10622.7020439723,11300.7852215681,11713.2849831139,12578.1878632,12165.220135038,11049.9951100942,10970.0458948862,10695.550196231,9568.83618958168,9215.44087472889,8638.73913259299,9743.21313092428,10674.5041731531
Turkmenistan,TKM,GDP per capita (current US$),NY.GDP.PCAP.CD,..,..,..,..,..,..,..,..,..,..,..,..,..,..,..,..,..,..,..,..,..,..,..,..,..,..,..,728.756528565361,765.933545336174,773.20235285476,806.39135032382,771.891227704772,815.00235968652,788.985777444734,619.626631559304,587.289013676069,553.059414303541,561.534099057875,587.990328027722,544.439255605805,635.714466332445,762.610797622974,949.576398205626,1256.03186702755,1418.80626559546,1658.67277890821,2074.40738939883,2520.28502555268,3778.6685390822,3901.67028309872,4286.88050515414,5453.15500459414,6441.88661774322,7049.79750519535,7685.50985852327,6208.2966545016,6163.25340597611,6354.53282979422,6721.34954037245,7344.88020350303,7330.36628793054,7885.29989591824,8792.5485039672
Ukraine,UKR,GDP per capita (current US$),NY.GDP.PCAP.CD,..,..,..,..,..,..,..,..,..,..,..,..,..,..,..,..,..,..,..,..,..,..,..,..,..,..,..,1265.37268066406,1452.65246582031,1559.33752441406,1532.50463867188,1474.34484863281,1417.17077636719,1258.12951660156,1012.09869384766,935.958740234375,872.713500976563,991.242797851563,835.236633300781,635.757934570313,658.344604492188,807.801940917969,911.906860351563,1087.7880859375,1416.60375976563,1894.46008300781,2391.32397460938,3197.93432617188,4066.53173828125,2639.37817382813,3078.41479492188,3704.84228515625,4004.78979492188,4187.73974609375,3104.65380859375,2124.66259765625,2187.7275390625,2638.32543945313,3096.5625,3661.45776367188,3751.7373046875,4827.845703125,4533.9755859375
United Kingdom,GBR,GDP per capita (current US$),NY.GDP.PCAP.CD,1397.5948032844,1472.38571407868,1525.77585271032,1613.45688373392,1748.2881176141,1873.56777435421,1986.74715869685,2058.78188198056,1951.75859587532,2100.66786858672,2347.54431773747,2649.80151387223,3030.43251411977,3426.27622050378,3665.8627976419,4299.74561799284,4138.16778761535,4681.43993173038,5976.93816899991,7804.76208051155,10032.062080015,9599.30622221965,9146.07735701852,8691.51881306514,8179.19444064991,8652.21654247593,10611.112210096,13118.586534629,15987.1680775688,16239.2821960944,19095.4669984608,19900.7266505069,20487.1707852878,18389.0195675099,19709.2380983653,23168.9529580171,24406.400298359,26766.0056249684,28274.5045119699,28762.0913570256,28280.926786099,27906.5695029641,30077.741432188,34442.6875402308,40366.8886650968,42104.7884375024,44512.4590296865,50397.6854954706,47396.1202078484,38744.131693043,39598.957119545,42109.6418795749,42497.3404974322,43426.2981405143,47439.6165895125,44964.3911437292,40985.2351382417,40572.1214823783,43203.8141057739,42662.5353740311,40217.0090116986,46869.759058411,46125.2557513568
Uzbekistan,UZB,GDP per capita (current US$),NY.GDP.PCAP.CD,..,..,..,..,..,..,..,..,..,..,..,..,..,..,..,..,..,..,..,..,..,..,..,..,..,..,..,..,..,..,651.419209686743,652.807475287429,603.352015296438,596.983585612576,576.447110453392,585.932364161135,600.598157828584,623.002652367639,623.216132835985,702.480744088873,558.226802377,456.706289511583,383.343067990742,396.377979026633,465.119886944025,546.776850185552,654.283837283285,830.407694204322,1082.28602501699,1213.26532816388,1742.34925645077,2051.12951516418,2267.62327535512,2419.71874376446,2628.46005444002,2753.97105782901,2704.67718852896,1916.76462520814,1604.25864156544,1795.20176845657,1759.30747053678,1993.42447787206,2255.15115496772
,,,,,,,,,,,,,,,,,,,,,,,,,,,,,,,,,,,,,,,,,,,,,,,,,,,,,,,,,,,,,,,,,,
,,,,,,,,,,,,,,,,,,,,,,,,,,,,,,,,,,,,,,,,,,,,,,,,,,,,,,,,,,,,,,,,,,
,,,,,,,,,,,,,,,,,,,,,,,,,,,,,,,,,,,,,,,,,,,,,,,,,,,,,,,,,,,,,,,,,,
Data from database: World Development Indicators,,,,,,,,,,,,,,,,,,,,,,,,,,,,,,,,,,,,,,,,,,,,,,,,,,,,,,,,,,,,,,,,,,
Last Updated: 12/18/2023,,,,,,,,,,,,,,,,,,,,,,,,,,,,,,,,,,,,,,,,,,,,,,,,,,,,,,,,,,,,,,,,,,
